feature,coef,group
ret_autocov_100ms_w0,-0.064670,momentum
ret_autocov_100ms_w1,-0.025752,momentum
ret_autocov_100ms_w2,-0.057328,momentum
ret_sum_100ms_w0,0.171598,momentum
ret_sum_100ms_w1,0.017349,momentum
ret_sum_100ms_w2,-0.070002,momentum
trade_intensity_100ms_w0,-0.028381,momentum
trade_intensity_100ms_w1,-0.048367,momentum
trade_intensity_100ms_w2,0.025111,momentum
ret_autocov_1s_w0,-0.156862,momentum
ret_autocov_1s_w1,0.002328,momentum
ret_autocov_1s_w2,-0.009059,momentum
ret_sum_1s_w0,-0.012417,momentum
ret_sum_1s_w1,0.006796,momentum
ret_sum_1s_w2,0.014250,momentum
trade_intensity_1s_w0,-0.027251,momentum
trade_intensity_1s_w1,-0.048310,momentum
trade_intensity_1s_w2,-0.039917,momentum
ret_autocov_5s_w0,-0.433133,momentum
ret_autocov_5s_w1,-0.261970,momentum
ret_autocov_5s_w2,-0.317830,momentum
ret_sum_5s_w0,-0.070847,momentum
ret_sum_5s_w1,0.016905,momentum
ret_sum_5s_w2,-0.076009,momentum
trade_intensity_5s_w0,-0.066931,momentum
trade_intensity_5s_w1,-0.044181,momentum
trade_intensity_5s_w2,-0.056927,momentum
ret_autocov_30s_w0,0.111506,momentum
ret_autocov_30s_w1,-0.044950,momentum
ret_autocov_30s_w2,-0.102125,momentum
ret_sum_30s_w0,-0.020848,momentum
ret_sum_30s_w1,0.033951,momentum
ret_sum_30s_w2,-0.038579,momentum
trade_intensity_30s_w0,-0.310782,momentum
trade_intensity_30s_w1,-0.318268,momentum
trade_intensity_30s_w2,-0.100313,momentum
ret_autocov_300s_w0,0.055847,momentum
ret_autocov_300s_w1,-0.105477,momentum
ret_autocov_300s_w2,-0.015074,momentum
ret_sum_300s_w0,-0.085791,momentum
ret_sum_300s_w1,0.048547,momentum
ret_sum_300s_w2,0.010486,momentum
trade_intensity_300s_w0,-0.013885,momentum
trade_intensity_300s_w1,-0.012627,momentum
trade_intensity_300s_w2,-0.012789,momentum
age,-0.056527,order_book
ob_ask_liq,0.001471,order_book
ob_bid_liq,-0.187389,order_book
ob_half,-0.049546,order_book
ob_other_half,-0.007837,order_book
totb_mean,-0.198196,order_book
amplitude_100ms_w0,-0.134841,price_dynamics
amplitude_100ms_w1,-0.002490,price_dynamics
amplitude_100ms_w2,-0.015208,price_dynamics
ret_vwap_100ms_w0,0.054331,price_dynamics
ret_vwap_100ms_w1,-0.106379,price_dynamics
ret_vwap_100ms_w2,0.035287,price_dynamics
amplitude_1s_w0,0.009782,price_dynamics
amplitude_1s_w1,0.007194,price_dynamics
amplitude_1s_w2,0.019774,price_dynamics
ret_vwap_1s_w0,-0.007336,price_dynamics
ret_vwap_1s_w1,-0.019845,price_dynamics
ret_vwap_1s_w2,0.020953,price_dynamics
amplitude_5s_w0,0.103106,price_dynamics
amplitude_5s_w1,0.051163,price_dynamics
amplitude_5s_w2,0.101474,price_dynamics
ret_vwap_5s_w0,0.041889,price_dynamics
ret_vwap_5s_w1,0.010773,price_dynamics
ret_vwap_5s_w2,-0.009981,price_dynamics
amplitude_30s_w0,-0.025883,price_dynamics
amplitude_30s_w1,0.009798,price_dynamics
amplitude_30s_w2,0.049859,price_dynamics
ret_vwap_30s_w0,-0.051273,price_dynamics
ret_vwap_30s_w1,-0.058798,price_dynamics
ret_vwap_30s_w2,0.019591,price_dynamics
amplitude_300s_w0,0.041433,price_dynamics
amplitude_300s_w1,0.023701,price_dynamics
amplitude_300s_w2,-0.009184,price_dynamics
ret_vwap_300s_w0,0.033777,price_dynamics
ret_vwap_300s_w1,-0.010073,price_dynamics
ret_vwap_300s_w2,0.017873,price_dynamics
stdev_100,-0.014769,price_dynamics
stdev_500,0.069001,price_dynamics
max_size_100ms_w0,-0.015398,trade_volume
max_size_100ms_w1,-0.064591,trade_volume
max_size_100ms_w2,0.001329,trade_volume
avg_size_100ms_w0,-0.012507,trade_volume
avg_size_100ms_w1,0.031008,trade_volume
avg_size_100ms_w2,0.004749,trade_volume
buy_count_100ms_w0,-0.002806,trade_volume
buy_count_100ms_w1,-0.028945,trade_volume
buy_count_100ms_w2,0.044143,trade_volume
sell_count_100ms_w0,-0.042881,trade_volume
sell_count_100ms_w1,-0.031871,trade_volume
sell_count_100ms_w2,-0.010898,trade_volume
total_buy_100ms_w0,0.017631,trade_volume
total_buy_100ms_w1,0.031328,trade_volume
total_buy_100ms_w2,-0.025174,trade_volume
total_sell_100ms_w0,0.027392,trade_volume
total_sell_100ms_w1,0.037905,trade_volume
total_sell_100ms_w2,0.019188,trade_volume
max_size_1s_w0,0.009413,trade_volume
max_size_1s_w1,-0.024575,trade_volume
max_size_1s_w2,-0.006610,trade_volume
avg_size_1s_w0,0.021593,trade_volume
avg_size_1s_w1,0.015751,trade_volume
avg_size_1s_w2,0.006351,trade_volume
buy_count_1s_w0,-0.034406,trade_volume
buy_count_1s_w1,-0.046010,trade_volume
buy_count_1s_w2,-0.023821,trade_volume
sell_count_1s_w0,0.094811,trade_volume
sell_count_1s_w1,0.024451,trade_volume
sell_count_1s_w2,-0.000842,trade_volume
total_buy_1s_w0,0.002977,trade_volume
total_buy_1s_w1,-0.003422,trade_volume
total_buy_1s_w2,0.004587,trade_volume
total_sell_1s_w0,-0.049719,trade_volume
total_sell_1s_w1,-0.012063,trade_volume
total_sell_1s_w2,-0.011760,trade_volume
max_size_5s_w0,0.005391,trade_volume
max_size_5s_w1,0.023364,trade_volume
max_size_5s_w2,0.000746,trade_volume
avg_size_5s_w0,0.000672,trade_volume
avg_size_5s_w1,-0.002132,trade_volume
avg_size_5s_w2,0.019611,trade_volume
buy_count_5s_w0,0.091383,trade_volume
buy_count_5s_w1,-0.026798,trade_volume
buy_count_5s_w2,-0.019723,trade_volume
sell_count_5s_w0,0.077718,trade_volume
sell_count_5s_w1,0.094188,trade_volume
sell_count_5s_w2,0.103399,trade_volume
total_buy_5s_w0,-0.085354,trade_volume
total_buy_5s_w1,-0.041604,trade_volume
total_buy_5s_w2,0.016422,trade_volume
total_sell_5s_w0,0.023385,trade_volume
total_sell_5s_w1,-0.077652,trade_volume
total_sell_5s_w2,-0.068970,trade_volume
max_size_30s_w0,-0.053188,trade_volume
max_size_30s_w1,-0.004395,trade_volume
max_size_30s_w2,-0.009718,trade_volume
avg_size_30s_w0,0.002545,trade_volume
avg_size_30s_w1,-0.010833,trade_volume
avg_size_30s_w2,-0.033334,trade_volume
buy_count_30s_w0,0.021358,trade_volume
buy_count_30s_w1,-0.046941,trade_volume
buy_count_30s_w2,-0.019813,trade_volume
sell_count_30s_w0,-0.172218,trade_volume
sell_count_30s_w1,-0.098570,trade_volume
sell_count_30s_w2,0.081075,trade_volume
total_buy_30s_w0,0.023254,trade_volume
total_buy_30s_w1,0.070232,trade_volume
total_buy_30s_w2,0.021899,trade_volume
total_sell_30s_w0,0.170826,trade_volume
total_sell_30s_w1,0.001023,trade_volume
total_sell_30s_w2,-0.080049,trade_volume
max_size_300s_w0,-0.004522,trade_volume
max_size_300s_w1,-0.024765,trade_volume
max_size_300s_w2,-0.026390,trade_volume
avg_size_300s_w0,0.092860,trade_volume
avg_size_300s_w1,-0.006021,trade_volume
avg_size_300s_w2,-0.019310,trade_volume
buy_count_300s_w0,-0.077479,trade_volume
buy_count_300s_w1,0.124425,trade_volume
buy_count_300s_w2,0.017996,trade_volume
sell_count_300s_w0,0.021356,trade_volume
sell_count_300s_w1,-0.036636,trade_volume
sell_count_300s_w2,-0.148054,trade_volume
total_buy_300s_w0,0.081260,trade_volume
total_buy_300s_w1,-0.129170,trade_volume
total_buy_300s_w2,-0.002067,trade_volume
total_sell_300s_w0,0.047449,trade_volume
total_sell_300s_w1,-0.008577,trade_volume
total_sell_300s_w2,0.147168,trade_volume
